Date,Gross Return,Net Return
3/1/2019,0.00%,-0.01%
3/2/2019,0.00%,0.00%
3/3/2019,0.10%,0.06%
3/4/2019,-0.10%,-0.12%
3/5/2019,-0.20%,-0.25%
3/6/2019,0.80%,0.69%
3/7/2019,0.30%,0.21%
3/8/2019,0.10%,0.11%
3/9/2019,-0.50%,-0.39%
3/10/2019,0.70%,0.56%
3/11/2019,0.00%,-0.04%
3/12/2019,-0.50%,-0.41%
3/13/2019,0.40%,0.33%
3/14/2019,-0.20%,-0.20%
3/15/2019,0.10%,0.05%
3/16/2019,0.50%,0.41%
3/17/2019,0.80%,0.65%
3/18/2019,0.00%,-0.01%
3/19/2019,-0.20%,-0.16%
3/20/2019,0.00%,0.03%
3/21/2019,0.20%,0.16%
3/22/2019,-0.60%,-0.48%
3/23/2019,0.30%,0.20%
3/24/2019,0.20%,0.13%
3/25/2019,-0.10%,-0.09%
3/26/2019,-0.20%,-0.16%
3/27/2019,0.10%,0.06%
3/28/2019,0.70%,0.53%
3/29/2019,0.00%,-0.02%
3/30/2019,1.50%,1.20%
3/31/2019,0.00%,0.00%
4/1/2019,-1.00%,-0.81%
4/2/2019,0.40%,0.34%
4/3/2019,8.30%,6.71%
4/4/2019,-0.80%,-0.69%
4/5/2019,-0.40%,-0.30%
4/6/2019,0.40%,0.29%
4/7/2019,-0.10%,-0.08%
4/8/2019,2.80%,2.27%
4/9/2019,-0.10%,-0.10%
4/10/2019,-0.80%,-0.66%
4/11/2019,0.00%,-0.03%
4/12/2019,-0.80%,-0.63%
4/13/2019,0.10%,0.09%
4/14/2019,0.00%,0.02%
4/15/2019,0.60%,0.49%
4/16/2019,-0.20%,-0.16%
4/17/2019,0.30%,0.26%
4/18/2019,-0.20%,-0.16%
4/19/2019,0.70%,0.59%
4/20/2019,0.30%,0.26%
4/21/2019,0.10%,0.10%
4/22/2019,-0.50%,-0.38%
4/23/2019,0.10%,0.10%
4/24/2019,0.60%,0.48%
4/25/2019,-0.70%,-0.57%
4/26/2019,-2.40%,-1.95%
4/27/2019,0.30%,0.26%
4/28/2019,0.00%,0.02%
4/29/2019,0.00%,-0.03%
4/30/2019,-0.20%,-0.20%
5/1/2019,0.40%,0.33%
5/2/2019,0.00%,0.00%
5/3/2019,0.00%,-0.02%
5/4/2019,1.40%,1.15%
5/5/2019,-0.70%,-0.59%
5/6/2019,0.00%,-0.03%
5/7/2019,-0.10%,-0.05%
5/8/2019,-0.40%,-0.35%
5/9/2019,0.80%,0.66%
5/10/2019,0.60%,0.48%
5/11/2019,1.10%,0.91%
5/12/2019,6.60%,5.40%
5/13/2019,-3.10%,-2.56%
5/14/2019,3.20%,2.63%
5/15/2019,3.20%,2.64%
5/16/2019,4.00%,3.37%
5/17/2019,-1.00%,-0.84%
5/18/2019,-4.70%,-3.96%
5/19/2019,-0.40%,-0.35%
5/20/2019,1.90%,1.60%
5/21/2019,0.30%,0.26%
5/22/2019,-0.20%,-0.14%
5/23/2019,-2.00%,-1.64%
5/24/2019,0.30%,0.23%
5/25/2019,0.50%,0.42%
5/26/2019,0.40%,0.31%
5/27/2019,2.80%,2.36%
5/28/2019,0.10%,0.12%
5/29/2019,-0.50%,-0.46%
5/30/2019,-0.20%,-0.18%
5/31/2019,0.50%,0.37%
6/1/2019,1.80%,1.54%
6/2/2019,0.20%,0.20%
6/3/2019,0.10%,0.09%
6/4/2019,-3.40%,-2.84%
6/5/2019,0.30%,0.25%
6/6/2019,0.10%,0.07%
6/7/2019,0.00%,0.03%
6/8/2019,0.70%,0.62%
6/9/2019,-0.60%,-0.47%
6/10/2019,-0.90%,-0.79%
6/11/2019,0.80%,0.67%
6/12/2019,-0.10%,-0.12%
6/13/2019,1.10%,0.88%
6/14/2019,-0.70%,-0.57%
6/15/2019,0.70%,0.62%
6/16/2019,0.60%,0.48%
6/17/2019,1.10%,0.90%
6/18/2019,0.70%,0.57%
6/19/2019,-1.30%,-1.13%
6/20/2019,0.50%,0.44%
6/21/2019,1.10%,0.88%
6/22/2019,3.20%,2.71%
6/23/2019,3.20%,2.69%
6/24/2019,-1.60%,-1.35%
6/25/2019,2.20%,1.83%
6/26/2019,2.60%,2.18%
6/27/2019,5.60%,4.79%
6/28/2019,-5.90%,-5.07%
6/29/2019,0.50%,0.38%
6/30/2019,-1.10%,-0.90%
7/1/2019,-0.10%,-0.10%
7/2/2019,0.70%,0.55%
7/3/2019,2.50%,2.13%
7/4/2019,-2.60%,-2.25%
7/5/2019,-0.40%,-0.36%
7/6/2019,-1.10%,-0.90%
7/7/2019,0.30%,0.29%
7/8/2019,2.70%,2.26%
7/9/2019,1.50%,1.24%
7/10/2019,-3.00%,-2.61%
7/11/2019,-0.20%,-0.20%
7/12/2019,0.30%,0.25%
7/13/2019,-0.20%,-0.16%
7/14/2019,-0.40%,-0.36%
7/15/2019,0.70%,0.61%
7/16/2019,-1.00%,-0.89%
7/17/2019,0.00%,0.01%
7/18/2019,0.30%,0.24%
7/19/2019,-0.20%,-0.14%
7/20/2019,0.70%,0.61%
7/21/2019,-0.60%,-0.52%
7/22/2019,-0.50%,-0.39%
7/23/2019,-0.90%,-0.77%
7/24/2019,0.40%,0.34%
7/25/2019,-0.80%,-0.71%
7/26/2019,0.40%,0.35%
7/27/2019,-1.50%,-1.24%
7/28/2019,0.00%,0.03%
7/29/2019,-0.10%,-0.06%
7/30/2019,0.30%,0.26%
7/31/2019,1.20%,0.97%
8/1/2019,0.20%,0.20%
8/2/2019,-0.30%,-0.25%
8/3/2019,1.20%,1.02%
8/4/2019,0.50%,0.45%
8/5/2019,2.50%,2.09%
8/6/2019,-1.70%,-1.42%
8/7/2019,1.40%,1.23%
8/8/2019,-0.20%,-0.18%
8/9/2019,-0.10%,-0.12%
8/10/2019,-1.80%,-1.56%
8/11/2019,0.90%,0.75%
8/12/2019,-0.90%,-0.75%
8/13/2019,-1.20%,-1.02%
8/14/2019,-1.00%,-0.84%
8/15/2019,0.40%,0.32%
8/16/2019,0.10%,0.04%
8/17/2019,-0.40%,-0.35%
8/18/2019,0.10%,0.11%
8/19/2019,2.20%,1.84%
8/20/2019,-1.00%,-0.83%
8/21/2019,-1.90%,-1.62%
8/22/2019,-0.50%,-0.44%
8/23/2019,1.10%,0.92%
8/24/2019,-1.50%,-1.27%
8/25/2019,-0.30%,-0.27%
8/26/2019,-0.70%,-0.58%
8/27/2019,-0.40%,-0.33%
8/28/2019,-0.70%,-0.57%
8/29/2019,-0.70%,-0.59%
8/30/2019,0.10%,0.04%
8/31/2019,-0.10%,-0.11%
9/1/2019,-0.20%,-0.14%
9/2/2019,1.60%,1.32%
9/3/2019,0.00%,0.00%
9/4/2019,-0.50%,-0.46%
9/5/2019,0.10%,0.08%
9/6/2019,-1.10%,-0.89%
9/7/2019,0.20%,0.18%
9/8/2019,-0.20%,-0.21%
9/9/2019,-0.20%,-0.21%
9/10/2019,-0.10%,-0.09%
9/11/2019,-0.40%,-0.31%
9/12/2019,0.30%,0.25%
9/13/2019,-0.10%,-0.12%
9/14/2019,0.60%,0.51%
9/15/2019,0.00%,0.00%
9/16/2019,0.20%,0.14%
9/17/2019,1.20%,0.99%
9/18/2019,-0.10%,-0.08%
9/19/2019,0.00%,-0.05%
9/20/2019,-0.40%,-0.38%
9/21/2019,-0.40%,-0.35%
9/22/2019,-0.30%,-0.30%
9/23/2019,-0.70%,-0.58%
9/24/2019,-1.00%,-0.84%
9/25/2019,0.20%,0.15%
9/26/2019,-0.10%,-0.11%
9/27/2019,0.30%,0.23%
9/28/2019,0.00%,-0.04%
9/29/2019,-0.60%,-0.49%
9/30/2019,-0.40%,-0.31%
10/1/2019,0.20%,0.19%
10/2/2019,0.00%,-0.03%
10/3/2019,-0.60%,-0.55%
10/4/2019,-0.20%,-0.16%
10/5/2019,0.00%,-0.02%
10/6/2019,-1.00%,-0.83%
10/7/2019,1.30%,1.06%
10/8/2019,0.00%,-0.03%
10/9/2019,2.50%,2.07%
10/10/2019,-0.50%,-0.46%
10/11/2019,-1.80%,-1.52%
10/12/2019,0.00%,-0.03%
10/13/2019,-0.10%,-0.10%
10/14/2019,1.10%,0.88%
10/15/2019,-1.00%,-0.87%
10/16/2019,-1.00%,-0.85%
10/17/2019,0.40%,0.33%
10/18/2019,-1.00%,-0.82%
10/19/2019,-0.10%,-0.07%
10/20/2019,0.10%,0.11%
10/21/2019,-0.10%,-0.05%
10/22/2019,-0.90%,-0.72%
10/23/2019,-0.70%,-0.56%
10/24/2019,0.10%,0.07%
10/25/2019,2.70%,2.27%
10/26/2019,1.80%,1.53%
10/27/2019,1.40%,1.14%
10/28/2019,-1.60%,-1.31%
10/29/2019,1.10%,0.91%
10/30/2019,-1.30%,-1.14%
10/31/2019,0.00%,-0.02%
11/1/2019,0.50%,0.42%
11/2/2019,0.30%,0.21%
11/3/2019,-0.60%,-0.54%
11/4/2019,0.70%,0.57%
11/5/2019,0.00%,0.01%
11/6/2019,0.40%,0.31%
11/7/2019,-1.30%,-1.06%
11/8/2019,-1.70%,-1.40%
11/9/2019,0.10%,0.08%
11/10/2019,-0.10%,-0.07%
11/11/2019,-1.20%,-1.02%
11/12/2019,0.00%,-0.04%
11/13/2019,0.00%,-0.04%
11/14/2019,-0.30%,-0.25%
11/15/2019,-0.10%,-0.08%
11/16/2019,0.20%,0.16%
11/17/2019,0.10%,0.04%
11/18/2019,-0.30%,-0.29%
11/19/2019,-0.10%,-0.06%
11/20/2019,0.00%,-0.02%
11/21/2019,0.00%,0.00%
11/22/2019,-0.50%,-0.44%
11/23/2019,0.50%,0.40%
11/24/2019,-2.00%,-1.65%
11/25/2019,-0.70%,-0.61%
11/26/2019,0.20%,0.20%
11/27/2019,0.40%,0.34%
11/28/2019,-0.30%,-0.26%
11/29/2019,0.00%,0.00%
11/30/2019,-2.20%,-1.83%
12/1/2019,-0.20%,-0.17%
12/2/2019,-0.30%,-0.27%
12/3/2019,0.00%,-0.02%
12/4/2019,-0.90%,-0.74%
12/5/2019,1.10%,0.92%
12/6/2019,0.60%,0.46%
12/7/2019,0.10%,0.04%
12/8/2019,0.10%,0.04%
12/9/2019,-0.90%,-0.79%
12/10/2019,-0.60%,-0.51%
12/11/2019,-0.20%,-0.15%
12/12/2019,0.10%,0.06%
12/13/2019,0.00%,0.01%
12/14/2019,-0.40%,-0.33%
12/15/2019,0.10%,0.06%
12/16/2019,-0.70%,-0.62%
12/17/2019,-1.00%,-0.85%
12/18/2019,1.80%,1.44%
12/19/2019,-0.10%,-0.12%
12/20/2019,0.20%,0.18%
12/21/2019,-0.20%,-0.19%
12/22/2019,2.60%,2.16%
12/23/2019,-1.30%,-1.05%
12/24/2019,-0.30%,-0.24%
12/25/2019,-0.40%,-0.32%
12/26/2019,-0.30%,-0.28%
12/27/2019,0.60%,0.47%
12/28/2019,0.30%,0.27%
12/29/2019,1.20%,0.97%
12/30/2019,-1.30%,-1.12%
12/31/2019,-0.60%,-0.53%
1/1/2020,0.20%,0.15%
1/2/2020,-0.60%,-0.57%
1/3/2020,1.00%,0.91%
1/4/2020,0.20%,0.14%
1/5/2020,-0.40%,-0.30%
1/6/2020,3.90%,3.08%
1/7/2020,3.70%,2.98%
1/8/2020,-0.80%,-0.68%
1/9/2020,-1.90%,-1.56%
1/10/2020,2.90%,2.35%
1/11/2020,-1.20%,-0.99%
1/12/2020,1.50%,1.23%
1/13/2020,-0.50%,-0.40%
1/14/2020,6.90%,5.60%
1/15/2020,-0.20%,-0.18%
1/16/2020,-0.80%,-0.65%
1/17/2020,2.00%,1.65%
1/18/2020,0.10%,0.10%
1/19/2020,-2.20%,-1.78%
1/20/2020,-0.20%,-0.14%
1/21/2020,0.20%,0.18%
1/22/2020,-0.10%,-0.12%
1/23/2020,-0.70%,-0.61%
1/24/2020,0.10%,0.04%
1/25/2020,-0.20%,-0.18%
1/26/2020,0.70%,0.56%
1/27/2020,0.70%,0.58%
1/28/2020,3.00%,2.44%
1/29/2020,-0.40%,-0.31%
1/30/2020,1.80%,1.48%
1/31/2020,-1.40%,-1.20%
2/1/2020,0.40%,0.35%
2/2/2020,-0.30%,-0.25%
2/3/2020,-0.40%,-0.31%
2/4/2020,-0.90%,-0.73%
2/5/2020,2.70%,2.18%
2/6/2020,1.00%,0.86%
2/7/2020,0.60%,0.51%
2/8/2020,0.60%,0.45%
2/9/2020,2.00%,1.69%
2/10/2020,-2.10%,-1.75%
2/11/2020,0.80%,0.69%
2/12/2020,0.60%,0.51%
2/13/2020,-0.90%,-0.73%
2/14/2020,0.60%,0.50%
2/15/2020,-1.60%,-1.33%
2/16/2020,-0.30%,-0.23%
2/17/2020,-0.40%,-0.30%
2/18/2020,1.00%,0.86%
2/19/2020,-1.60%,-1.31%
2/20/2020,-0.20%,-0.15%
2/21/2020,0.30%,0.26%
2/22/2020,-0.10%,-0.06%
2/23/2020,0.90%,0.71%
2/24/2020,-0.80%,-0.70%
2/25/2020,-1.20%,-0.96%
2/26/2020,-1.70%,-1.43%
2/27/2020,0.10%,0.07%
2/28/2020,-0.30%,-0.24%
2/29/2020,-0.20%,-0.14%
3/1/2020,-0.10%,-0.08%
3/2/2020,1.00%,0.81%
3/3/2020,-0.30%,-0.23%
3/4/2020,0.00%,-0.03%
3/5/2020,0.80%,0.68%
3/6/2020,0.60%,0.52%
3/7/2020,-2.10%,-1.72%
3/8/2020,-3.90%,-3.21%
3/9/2020,-0.40%,-0.32%
3/10/2020,0.10%,0.04%
3/11/2020,-0.20%,-0.21%
3/12/2020,-8.60%,-7.05%
3/13/2020,2.20%,1.79%
3/14/2020,-1.30%,-1.02%
3/15/2020,0.60%,0.51%
3/16/2020,-2.30%,-1.85%
3/17/2020,0.80%,0.67%
3/18/2020,0.00%,0.03%
3/19/2020,3.50%,2.77%
3/20/2020,-2.60%,-2.11%
3/21/2020,0.10%,0.12%
3/22/2020,-1.40%,-1.16%
3/23/2020,1.90%,1.51%
3/24/2020,2.10%,1.65%
3/25/2020,-0.40%,-0.36%
3/26/2020,1.10%,0.92%
3/27/2020,-2.90%,-2.37%
3/28/2020,-2.50%,-2.04%
3/29/2020,-2.30%,-2.26%
3/30/2020,1.60%,1.64%
3/31/2020,0.10%,0.12%
4/1/2020,-0.70%,-0.69%
4/2/2020,0.50%,0.51%
4/3/2020,-0.30%,-0.34%
4/4/2020,1.60%,1.49%
4/5/2020,-0.80%,-0.72%
4/6/2020,6.00%,4.82%
4/7/2020,-1.10%,-0.88%
4/8/2020,1.80%,1.48%
4/9/2020,-0.40%,-0.29%
4/10/2020,-4.80%,-3.85%
4/11/2020,0.00%,0.01%
4/12/2020,0.50%,0.42%
4/13/2020,-0.10%,-0.05%
4/14/2020,0.20%,0.18%
4/15/2020,-0.90%,-0.75%
4/16/2020,1.80%,1.43%
4/17/2020,0.00%,-0.03%
4/18/2020,1.20%,0.97%
4/19/2020,-1.00%,-0.80%
4/20/2020,-3.40%,-2.85%
4/21/2020,0.10%,0.07%
4/22/2020,0.80%,0.78%
4/23/2020,3.00%,2.36%
4/24/2020,1.20%,0.93%
4/25/2020,0.40%,0.30%
4/26/2020,1.00%,0.80%
4/27/2020,1.00%,0.78%
4/28/2020,0.20%,0.20%
4/29/2020,9.80%,7.90%
4/30/2020,-1.50%,-1.27%
5/1/2020,1.00%,0.85%
5/2/2020,0.30%,0.23%
5/3/2020,-0.50%,-0.43%
5/4/2020,-0.10%,-0.07%
5/5/2020,0.00%,-0.03%
5/6/2020,0.30%,0.28%
5/7/2020,5.20%,4.28%
5/8/2020,-0.60%,-0.46%
5/9/2020,-1.90%,-1.56%
5/10/2020,-8.50%,-7.01%
5/11/2020,-0.40%,-0.34%
5/12/2020,0.70%,0.60%
5/13/2020,1.10%,0.90%
5/14/2020,0.90%,0.72%
5/15/2020,-2.70%,-2.18%
5/16/2020,0.60%,0.48%
5/17/2020,2.30%,1.85%
5/18/2020,0.70%,0.61%
5/19/2020,0.30%,0.23%
5/20/2020,-1.60%,-1.33%
5/21/2020,-3.50%,-2.85%
5/22/2020,0.60%,0.52%
5/23/2020,0.00%,0.01%
5/24/2020,-1.10%,-0.90%
5/25/2020,0.50%,0.36%
5/26/2020,-0.30%,-0.26%
5/27/2020,0.90%,0.69%
5/28/2020,1.10%,0.85%
5/29/2020,-0.30%,-0.23%
5/30/2020,2.60%,2.12%
5/31/2020,-2.20%,-1.82%
6/1/2020,5.60%,4.55%
6/2/2020,-4.50%,-3.72%
6/3/2020,1.20%,0.94%
6/4/2020,1.00%,0.81%
6/5/2020,-0.90%,-0.71%
6/6/2020,-0.40%,-0.31%
6/7/2020,0.10%,0.11%
6/8/2020,0.00%,-0.01%
6/9/2020,0.00%,0.02%
6/10/2020,0.20%,0.12%
6/11/2020,-1.90%,-1.52%
6/12/2020,0.60%,0.48%
6/13/2020,0.10%,0.07%
6/14/2020,-0.30%,-0.27%
6/15/2020,-0.10%,-0.11%
6/16/2020,0.20%,0.16%
6/17/2020,-0.10%,-0.07%
6/18/2020,-0.30%,-0.22%
6/19/2020,-0.50%,-0.40%
6/20/2020,0.10%,0.09%
6/21/2020,-0.20%,-0.17%
6/22/2020,3.00%,2.41%
6/23/2020,0.00%,0.02%
6/24/2020,-2.30%,-1.86%
6/25/2020,-0.50%,-0.43%
6/26/2020,-0.80%,-0.65%
6/27/2020,-1.60%,-1.27%
6/28/2020,0.80%,0.63%
6/29/2020,0.50%,0.42%
6/30/2020,-0.50%,-0.40%
7/1/2020,1.10%,0.87%
7/2/2020,-0.80%,-0.63%
7/3/2020,-0.60%,-0.46%
7/4/2020,0.70%,0.59%
7/5/2020,-0.40%,-0.36%
7/6/2020,3.20%,2.60%
7/7/2020,-0.50%,-0.38%
7/8/2020,1.80%,1.50%
7/9/2020,-1.20%,-0.95%
7/10/2020,0.00%,0.02%
7/11/2020,0.00%,-0.04%
7/12/2020,0.80%,0.61%
7/13/2020,-0.30%,-0.24%
7/14/2020,-0.20%,-0.14%
7/15/2020,-0.70%,-0.58%
7/16/2020,-1.00%,-0.82%
7/17/2020,0.00%,-0.04%
7/18/2020,0.30%,0.28%
7/19/2020,0.90%,0.73%
7/20/2020,-0.60%,-0.53%
7/21/2020,1.90%,1.51%
7/22/2020,2.40%,1.94%
7/23/2020,1.60%,1.32%
7/24/2020,0.40%,0.36%
7/25/2020,3.10%,2.59%
7/26/2020,1.10%,0.90%
7/27/2020,5.10%,4.26%
7/28/2020,-0.20%,-0.14%
7/29/2020,0.70%,0.56%
7/30/2020,1.40%,1.13%
7/31/2020,2.00%,1.67%
8/1/2020,4.90%,4.08%
8/2/2020,-3.60%,-3.07%
8/3/2020,2.50%,2.12%
8/4/2020,0.10%,0.10%
8/5/2020,3.00%,2.56%
8/6/2020,-0.60%,-0.49%
8/7/2020,-1.80%,-1.56%
8/8/2020,1.70%,1.45%
8/9/2020,-0.70%,-0.57%
8/10/2020,1.00%,0.89%
8/11/2020,-3.30%,-2.78%
8/12/2020,1.50%,1.27%
8/13/2020,3.40%,2.88%
8/14/2020,0.90%,0.80%
8/15/2020,0.10%,0.06%
8/16/2020,0.40%,0.37%
8/17/2020,1.00%,0.86%
8/18/2020,-1.50%,-1.29%
8/19/2020,-2.40%,-2.04%
8/20/2020,1.30%,1.09%
8/21/2020,-2.90%,-2.48%
8/22/2020,0.70%,0.61%
8/23/2020,-0.50%,-0.44%
8/24/2020,1.70%,1.48%
8/25/2020,-3.10%,-2.60%
8/26/2020,0.80%,0.66%
8/27/2020,-0.30%,-0.30%
8/28/2020,1.40%,1.20%
8/29/2020,0.10%,0.12%
8/30/2020,2.70%,2.33%
8/31/2020,0.10%,0.10%
9/1/2020,4.50%,3.83%
9/2/2020,-4.40%,-3.75%
9/3/2020,-8.00%,-6.83%
9/4/2020,1.10%,0.94%
9/5/2020,-5.30%,-4.47%
9/6/2020,3.50%,2.94%
9/7/2020,-0.20%,-0.21%
9/8/2020,-1.20%,-1.04%
9/9/2020,1.90%,1.60%
9/10/2020,1.50%,1.26%
9/11/2020,1.00%,0.81%
9/12/2020,2.50%,2.12%
9/13/2020,-0.60%,-0.49%
9/14/2020,1.60%,1.36%
9/15/2020,-2.30%,-1.96%
9/16/2020,1.00%,0.87%
9/17/2020,1.00%,0.87%
9/18/2020,-0.10%,-0.12%
9/19/2020,0.50%,0.43%
9/20/2020,-2.00%,-1.66%
9/21/2020,-5.20%,-4.44%
9/22/2020,0.80%,0.69%
9/23/2020,-3.10%,-2.59%
9/24/2020,4.20%,3.54%
9/25/2020,0.20%,0.16%
9/26/2020,1.10%,0.92%
9/27/2020,0.20%,0.19%
9/28/2020,0.10%,0.05%
9/29/2020,1.50%,1.30%
9/30/2020,0.10%,0.10%
10/1/2020,-1.70%,-1.47%
10/2/2020,-0.70%,-0.60%
10/3/2020,0.50%,0.43%
10/4/2020,1.10%,0.95%
10/5/2020,0.20%,0.18%
10/6/2020,-1.80%,-1.50%
10/7/2020,0.20%,0.19%
10/8/2020,1.20%,0.99%
10/9/2020,1.70%,1.43%
10/10/2020,0.80%,0.65%
10/11/2020,0.60%,0.52%
10/12/2020,2.20%,1.85%
10/13/2020,-0.60%,-0.55%
10/14/2020,0.00%,-0.03%
10/15/2020,0.20%,0.13%
10/16/2020,-2.00%,-1.72%
10/17/2020,0.30%,0.29%
10/18/2020,1.10%,0.92%
10/19/2020,0.30%,0.26%
10/20/2020,-0.70%,-0.63%
10/21/2020,5.00%,4.26%
10/22/2020,2.20%,1.91%
10/23/2020,-0.30%,-0.29%
10/24/2020,0.80%,0.65%
10/25/2020,-0.80%,-0.73%
10/26/2020,-0.30%,-0.22%
10/27/2020,2.60%,2.22%
10/28/2020,-2.60%,-2.26%
10/29/2020,0.10%,0.09%
10/30/2020,-0.60%,-0.48%
10/31/2020,0.90%,0.79%
11/1/2020,0.40%,0.35%
11/2/2020,-1.40%,-1.20%
11/3/2020,0.50%,0.45%
11/4/2020,1.30%,1.07%
11/5/2020,5.00%,4.26%
11/6/2020,3.00%,2.60%
11/7/2020,-3.60%,-3.12%
11/8/2020,2.50%,2.14%
11/9/2020,-1.00%,-0.83%
11/10/2020,0.30%,0.25%
11/11/2020,1.30%,1.08%
11/12/2020,1.30%,1.09%
11/13/2020,2.40%,2.04%
11/14/2020,-2.60%,-2.29%
11/15/2020,-1.20%,-1.01%
11/16/2020,2.90%,2.55%
11/17/2020,3.70%,3.24%
11/18/2020,0.10%,0.10%
11/19/2020,-0.90%,-0.83%
11/20/2020,4.40%,3.84%
11/21/2020,3.20%,2.78%
11/22/2020,-0.40%,-0.32%
11/23/2020,3.50%,3.12%
11/24/2020,2.10%,1.81%
11/25/2020,-3.50%,-3.07%
11/26/2020,-7.50%,-6.64%
11/27/2020,0.00%,0.00%
11/28/2020,5.30%,4.62%
11/29/2020,1.60%,1.38%
11/30/2020,5.40%,4.78%
12/1/2020,-3.50%,-3.10%
12/2/2020,1.50%,1.36%
12/3/2020,1.40%,1.22%
12/4/2020,-4.50%,-3.97%
12/5/2020,2.40%,2.10%
12/6/2020,0.70%,0.64%
12/7/2020,-0.90%,-0.83%
12/8/2020,-3.70%,-3.29%
12/9/2020,1.50%,1.33%
12/10/2020,-1.30%,-1.19%
12/11/2020,-1.20%,-1.05%
12/12/2020,2.40%,2.09%
12/13/2020,1.90%,1.68%
12/14/2020,0.30%,0.26%
12/15/2020,0.30%,0.24%
12/16/2020,6.80%,6.00%
12/17/2020,3.00%,2.70%
12/18/2020,1.30%,1.20%
12/19/2020,2.20%,1.95%
12/20/2020,-1.40%,-1.22%
12/21/2020,-3.20%,-2.84%
12/22/2020,3.00%,2.70%
12/23/2020,-4.60%,-4.13%
12/24/2020,3.00%,2.64%
12/25/2020,2.50%,2.20%
12/26/2020,3.50%,3.17%
12/27/2020,1.60%,1.46%
12/28/2020,3.80%,3.43%
12/29/2020,1.20%,1.05%
12/30/2020,2.90%,2.57%
12/31/2020,0.10%,0.05%
1/1/2021,0.60%,0.50%
1/2/2021,6.00%,4.77%
1/3/2021,8.50%,6.87%
1/4/2021,0.80%,0.66%
1/5/2021,4.90%,4.00%
1/6/2021,7.40%,6.12%
1/7/2021,3.90%,3.25%
1/8/2021,1.30%,1.13%
1/9/2021,1.50%,1.26%
1/10/2021,-3.00%,-2.55%
1/11/2021,-8.80%,-7.45%
1/12/2021,-3.50%,-2.93%
1/13/2021,6.70%,5.53%
1/14/2021,4.40%,3.70%
1/15/2021,-3.20%,-2.66%
1/16/2021,1.60%,1.31%
1/17/2021,0.30%,0.25%
1/18/2021,1.30%,1.10%
1/19/2021,2.10%,1.73%
1/20/2021,-0.30%,-0.22%
1/21/2021,-11.60%,-9.79%
1/22/2021,6.10%,5.03%
1/23/2021,-0.70%,-0.60%
1/24/2021,4.90%,4.07%
1/25/2021,-1.90%,-1.61%
1/26/2021,1.10%,0.88%
1/27/2021,-4.90%,-4.10%
1/28/2021,2.90%,2.37%
1/29/2021,3.70%,3.05%
1/30/2021,0.70%,0.54%
1/31/2021,-3.10%,-2.58%
2/1/2021,2.70%,2.25%
2/2/2021,6.10%,5.09%
2/3/2021,6.10%,5.18%
2/4/2021,-1.40%,-1.19%
2/5/2021,6.50%,5.55%
2/6/2021,0.90%,0.75%
2/7/2021,-2.50%,-2.13%
2/8/2021,12.20%,10.53%
2/9/2021,5.00%,4.36%
2/10/2021,1.30%,1.11%
2/11/2021,2.70%,2.38%
2/12/2021,2.80%,2.50%
2/13/2021,-1.00%,-0.90%
2/14/2021,1.40%,1.25%
2/15/2021,-2.00%,-1.82%
2/16/2021,1.00%,0.92%
2/17/2021,8.20%,7.25%
2/18/2021,4.90%,4.35%
2/19/2021,18.10%,16.28%
2/20/2021,-5.20%,-4.74%
2/21/2021,3.70%,3.34%
2/22/2021,-5.60%,-5.09%
2/23/2021,-8.40%,-7.61%
2/24/2021,3.20%,2.86%
2/25/2021,-5.20%,-4.73%
2/26/2021,-1.70%,-1.57%
2/27/2021,0.50%,0.47%
2/28/2021,-2.60%,-2.31%
3/1/2021,8.70%,7.79%
3/2/2021,-2.80%,-2.49%
3/3/2021,2.60%,2.29%
3/4/2021,-2.80%,-2.55%
3/5/2021,-0.30%,-0.25%
3/6/2021,2.00%,1.80%
3/7/2021,3.40%,3.06%
3/8/2021,2.50%,2.28%
3/9/2021,6.00%,5.38%
3/10/2021,-1.30%,-1.17%
3/11/2021,2.20%,2.01%
3/12/2021,-2.90%,-2.62%
3/13/2021,5.70%,5.17%
3/14/2021,-3.00%,-2.75%
3/15/2021,-3.70%,-3.36%
3/16/2021,0.90%,0.82%
3/17/2021,2.10%,1.89%
3/18/2021,-1.60%,-1.48%
3/19/2021,0.90%,0.84%
3/20/2021,0.00%,-0.01%
3/21/2021,-0.70%,-0.65%
3/22/2021,-3.30%,-3.04%
3/23/2021,-0.10%,-0.14%
3/24/2021,-2.80%,-2.56%
3/25/2021,-1.50%,-1.32%
3/26/2021,4.90%,4.43%
3/27/2021,1.50%,1.34%
3/28/2021,-0.60%,-0.51%
3/29/2021,3.10%,2.83%
3/30/2021,3.50%,3.16%
3/31/2021,0.40%,0.40%
4/1/2021,2.60%,2.33%
4/2/2021,2.80%,2.53%
4/3/2021,-3.70%,-3.36%
4/4/2021,3.30%,3.02%
4/5/2021,1.70%,1.53%
4/6/2021,2.20%,1.99%
4/7/2021,-4.70%,-4.33%
4/8/2021,5.30%,4.86%
4/9/2021,1.70%,1.56%
4/10/2021,2.80%,2.59%
4/11/2021,3.40%,3.13%
4/12/2021,3.70%,3.42%
4/13/2021,1.40%,1.25%
4/14/2021,1.50%,1.42%
4/15/2021,0.80%,0.71%
4/16/2021,-3.50%,-3.29%
4/17/2021,-0.90%,-0.82%
4/18/2021,-5.00%,-4.66%
4/19/2021,0.60%,0.57%
4/20/2021,6.80%,6.28%
4/21/2021,-2.70%,-2.50%
4/22/2021,-2.60%,-2.38%
4/23/2021,0.40%,0.41%
4/24/2021,-4.10%,-3.75%
4/25/2021,1.30%,1.23%
4/26/2021,6.60%,6.07%
4/27/2021,3.70%,3.40%
4/28/2021,0.50%,0.45%
4/29/2021,1.50%,1.41%
4/30/2021,3.20%,2.93%
5/1/2021,1.70%,1.61%
5/2/2021,-0.40%,-0.41%
5/3/2021,7.70%,7.14%
5/4/2021,-5.80%,-5.47%
5/5/2021,6.30%,5.87%
5/6/2021,-1.60%,-1.50%
5/7/2021,-0.30%,-0.33%
5/8/2021,5.50%,5.15%
5/9/2021,0.70%,0.68%
5/10/2021,-2.30%,-2.18%
5/11/2021,4.30%,4.04%
5/12/2021,-9.40%,-8.86%
5/13/2021,-1.10%,-0.99%
5/14/2021,5.20%,4.88%
5/15/2021,-6.90%,-6.46%
5/16/2021,-0.60%,-0.60%
5/17/2021,-6.50%,-6.04%
5/18/2021,0.90%,0.86%
5/19/2021,-21.40%,-19.91%
5/20/2021,9.80%,8.94%
5/21/2021,-10.10%,-9.30%
5/22/2021,-3.80%,-3.46%
5/23/2021,-6.60%,-6.02%
5/24/2021,16.70%,15.09%
5/25/2021,0.60%,0.53%
5/26/2021,5.20%,4.80%
5/27/2021,-3.10%,-2.86%
5/28/2021,-7.60%,-6.98%
5/29/2021,-4.20%,-3.86%
5/30/2021,3.70%,3.33%
5/31/2021,7.50%,6.77%
6/1/2021,-0.70%,-0.68%
6/2/2021,3.60%,3.29%
6/3/2021,4.30%,3.94%
6/4/2021,-5.50%,-5.09%
6/5/2021,-1.50%,-1.40%
6/6/2021,1.40%,1.32%
6/7/2021,-5.00%,-4.59%
6/8/2021,-1.20%,-1.09%
6/9/2021,4.50%,4.14%
6/10/2021,-3.80%,-3.46%
6/11/2021,-1.60%,-1.48%
6/12/2021,-1.30%,-1.21%
6/13/2021,5.30%,4.79%
6/14/2021,1.30%,1.22%
6/15/2021,1.40%,1.31%
6/16/2021,-6.10%,-5.61%
6/17/2021,0.20%,0.17%
6/18/2021,-4.40%,-4.01%
6/19/2021,-1.10%,-0.98%
6/20/2021,1.40%,1.25%
6/21/2021,-12.60%,-11.47%
6/22/2021,-0.50%,-0.43%
6/23/2021,5.50%,4.89%
6/24/2021,1.70%,1.48%
6/25/2021,-6.50%,-5.90%
6/26/2021,0.50%,0.45%
6/27/2021,4.90%,4.41%
6/28/2021,1.50%,1.33%
6/29/2021,2.80%,2.56%
6/30/2021,1.30%,1.18%
7/1/2021,-4.20%,-3.83%
7/2/2021,0.70%,0.65%
7/3/2021,2.40%,2.14%
7/4/2021,2.70%,2.42%
7/5/2021,-3.60%,-3.23%
7/6/2021,3.60%,3.21%
7/7/2021,0.00%,-0.03%
7/8/2021,-4.90%,-4.43%
7/9/2021,1.40%,1.23%
7/10/2021,-0.80%,-0.77%
7/11/2021,1.30%,1.14%
7/12/2021,-2.60%,-2.38%
7/13/2021,-2.40%,-2.19%
7/14/2021,1.10%,0.99%
7/15/2021,-1.70%,-1.56%
7/16/2021,-1.80%,-1.63%
7/17/2021,0.20%,0.16%
7/18/2021,0.30%,0.24%
7/19/2021,-3.80%,-3.38%
7/20/2021,-2.40%,-2.15%
7/21/2021,7.40%,6.61%
7/22/2021,1.00%,0.90%
7/23/2021,3.10%,2.81%
7/24/2021,1.70%,1.57%
7/25/2021,0.90%,0.76%
7/26/2021,2.40%,2.21%
7/27/2021,3.20%,2.90%
7/28/2021,0.50%,0.43%
7/29/2021,1.70%,1.51%
7/30/2021,3.40%,3.10%
7/31/2021,1.40%,1.29%
8/1/2021,-1.00%,-0.90%
8/2/2021,-0.10%,-0.09%
8/3/2021,-2.60%,-2.34%
8/4/2021,4.70%,4.25%
8/5/2021,2.10%,1.94%
8/6/2021,2.00%,1.86%
8/7/2021,5.10%,4.72%
8/8/2021,-3.10%,-2.86%
8/9/2021,3.70%,3.44%
8/10/2021,0.10%,0.08%
8/11/2021,1.00%,0.95%
8/12/2021,-2.00%,-1.83%
8/13/2021,5.60%,5.13%
8/14/2021,-0.90%,-0.84%
8/15/2021,1.10%,1.03%
8/16/2021,-1.30%,-1.22%
8/17/2021,-2.20%,-2.01%
8/18/2021,0.40%,0.37%
8/19/2021,3.30%,3.03%
8/20/2021,2.90%,2.69%
8/21/2021,-1.10%,-1.03%
8/22/2021,0.30%,0.26%
8/23/2021,2.60%,2.38%
8/24/2021,-3.40%,-3.15%
8/25/2021,2.00%,1.84%
8/26/2021,-2.30%,-2.18%
8/27/2021,3.40%,3.14%
8/28/2021,-0.10%,-0.09%
8/29/2021,-0.50%,-0.44%
8/30/2021,-0.40%,-0.39%
8/31/2021,2.00%,1.81%
9/1/2021,4.90%,4.56%
9/2/2021,0.40%,0.40%
9/3/2021,2.50%,2.36%
9/4/2021,-0.50%,-0.51%
9/5/2021,1.80%,1.65%
9/6/2021,1.00%,0.97%
9/7/2021,-8.30%,-7.74%
9/8/2021,1.20%,1.08%
9/9/2021,-0.40%,-0.39%
9/10/2021,-3.30%,-3.07%
9/11/2021,0.70%,0.64%
9/12/2021,1.60%,1.50%
9/13/2021,-2.30%,-2.12%
9/14/2021,1.90%,1.76%
9/15/2021,2.40%,2.26%
9/16/2021,-1.10%,-1.00%
9/17/2021,-2.40%,-2.27%
9/18/2021,1.90%,1.73%
9/19/2021,-2.10%,-1.97%
9/20/2021,-7.10%,-6.60%
9/21/2021,-3.60%,-3.31%
9/22/2021,6.60%,6.06%
9/23/2021,1.40%,1.25%
9/24/2021,-4.10%,-3.80%
9/25/2021,-0.40%,-0.39%
9/26/2021,1.20%,1.13%
9/27/2021,-1.70%,-1.59%
9/28/2021,-2.00%,-1.82%
9/29/2021,1.90%,1.74%
9/30/2021,2.40%,2.23%
10/1/2021,7.00%,6.42%
10/2/2021,1.20%,1.11%
10/3/2021,0.70%,0.65%
10/4/2021,-0.50%,-0.49%
10/5/2021,2.20%,2.08%
10/6/2021,1.00%,0.94%
10/7/2021,-0.40%,-0.40%
10/8/2021,-0.30%,-0.32%
10/9/2021,0.50%,0.42%
10/10/2021,-2.30%,-2.11%
10/11/2021,1.90%,1.75%
10/12/2021,0.40%,0.34%
10/13/2021,1.80%,1.64%
10/14/2021,1.40%,1.30%
10/15/2021,2.90%,2.73%
10/16/2021,-1.00%,-0.94%
10/17/2021,0.50%,0.49%
10/18/2021,-0.30%,-0.30%
10/19/2021,1.70%,1.62%
10/20/2021,4.30%,4.00%
10/21/2021,-2.10%,-1.94%
10/22/2021,-0.50%,-0.46%
10/23/2021,1.90%,1.75%
10/24/2021,-0.70%,-0.67%
10/25/2021,2.30%,2.15%
10/26/2021,-2.20%,-2.03%
10/27/2021,-3.80%,-3.57%
10/28/2021,4.90%,4.59%
10/29/2021,2.60%,2.42%
10/30/2021,-1.00%,-0.97%
10/31/2021,-0.10%,-0.09%
11/1/2021,0.90%,0.82%
11/2/2021,3.40%,3.19%
11/3/2021,1.70%,1.58%
11/4/2021,-0.90%,-0.85%
11/5/2021,0.10%,0.11%
11/6/2021,2.20%,2.02%
11/7/2021,0.90%,0.89%
11/8/2021,2.50%,2.34%
11/9/2021,-1.50%,-1.38%
11/10/2021,-1.90%,-1.82%
11/11/2021,0.90%,0.84%
11/12/2021,-1.80%,-1.70%
11/13/2021,2.30%,2.17%
11/14/2021,0.60%,0.54%
11/15/2021,-3.90%,-3.68%
11/16/2021,-4.30%,-4.04%
11/17/2021,0.80%,0.72%
11/18/2021,-5.40%,-5.07%
11/19/2021,4.90%,4.58%
11/20/2021,2.00%,1.86%
11/21/2021,-1.00%,-0.97%
11/22/2021,-3.50%,-3.30%
11/23/2021,3.00%,2.84%
11/24/2021,-1.40%,-1.29%
11/25/2021,3.90%,3.65%
11/26/2021,-7.10%,-6.65%
11/27/2021,0.70%,0.69%
11/28/2021,3.20%,2.95%
11/29/2021,1.70%,1.62%
11/30/2021,0.90%,0.87%
12/1/2021,1.40%,1.32%
12/2/2021,-0.60%,-0.55%
12/3/2021,-5.00%,-4.70%
12/4/2021,-3.40%,-3.15%
12/5/2021,-0.40%,-0.36%
12/6/2021,1.80%,1.65%
12/7/2021,-0.40%,-0.39%
12/8/2021,1.40%,1.31%
12/9/2021,-4.50%,-4.22%
12/10/2021,-2.70%,-2.48%
12/11/2021,2.70%,2.54%
12/12/2021,0.60%,0.57%
12/13/2021,-5.80%,-5.38%
12/14/2021,2.10%,1.93%
12/15/2021,2.60%,2.41%
12/16/2021,-1.30%,-1.25%
12/17/2021,-0.90%,-0.88%
12/18/2021,1.40%,1.26%
12/19/2021,-0.60%,-0.55%
12/20/2021,0.10%,0.08%
12/21/2021,1.80%,1.70%
12/22/2021,-0.10%,-0.10%
12/23/2021,2.80%,2.57%
12/24/2021,-0.80%,-0.72%
12/25/2021,0.50%,0.47%
12/26/2021,0.40%,0.40%
12/27/2021,-0.20%,-0.18%
12/28/2021,-4.30%,-4.04%
12/29/2021,-2.20%,-2.07%
12/30/2021,1.00%,0.93%
12/31/2021,-0.80%,-0.78%
1/1/2022,2.20%,1.75%
1/2/2022,0.20%,0.16%
1/3/2022,-1.20%,-0.96%
1/4/2022,-0.30%,-0.24%
1/5/2022,-4.00%,-3.80%
1/6/2022,-1.00%,-1.01%
1/7/2022,-3.40%,-3.40%
1/8/2022,-1.10%,-1.12%
1/9/2022,1.00%,0.94%
1/10/2022,-1.00%,-1.04%
1/11/2022,2.60%,2.59%
1/12/2022,2.60%,2.54%
1/13/2022,-2.20%,-2.25%
1/14/2022,1.20%,1.19%
1/15/2022,0.30%,0.24%
1/16/2022,0.20%,0.22%
1/17/2022,-2.30%,-2.31%
1/18/2022,-0.30%,-0.32%
1/19/2022,-2.00%,-2.01%
1/20/2022,-1.50%,-1.55%
1/21/2022,-7.10%,-7.10%
1/22/2022,-3.90%,-3.92%
1/23/2022,2.60%,2.56%
1/24/2022,-1.40%,-1.42%
1/25/2022,0.70%,0.70%
1/26/2022,-0.40%,-0.41%
1/27/2022,0.40%,0.37%
1/28/2022,1.00%,0.95%
1/29/2022,1.10%,1.07%
1/30/2022,-0.50%,-0.47%
1/31/2022,1.30%,1.32%
2/1/2022,1.70%,1.66%
2/2/2022,-2.70%,-2.70%
2/3/2022,0.40%,0.38%
2/4/2022,5.60%,5.62%
2/5/2022,0.70%,0.69%
2/6/2022,1.00%,1.01%
2/7/2022,1.90%,1.91%
2/8/2022,-0.80%,-0.82%
2/9/2022,1.30%,1.34%
2/10/2022,-3.50%,-3.47%
2/11/2022,-1.60%,-1.60%
2/12/2022,-0.10%,-0.12%
2/13/2022,-0.70%,-0.71%
2/14/2022,1.20%,1.22%
2/15/2022,3.70%,3.65%
2/16/2022,-0.80%,-0.76%
2/17/2022,-4.50%,-4.49%
2/18/2022,-1.40%,-1.43%
2/19/2022,0.00%,-0.01%
2/20/2022,-2.40%,-2.41%
2/21/2022,-2.10%,-2.13%
2/22/2022,1.80%,1.79%
2/23/2022,-1.40%,-1.41%
2/24/2022,-0.50%,-0.49%
2/25/2022,1.60%,1.57%
2/26/2022,-3.20%,-3.23%
2/27/2022,1.50%,1.48%
2/28/2022,5.60%,5.63%
3/1/2022,0.30%,0.27%
3/2/2022,-0.20%,-0.22%
3/3/2022,-1.30%,-1.30%
3/4/2022,-2.70%,-2.74%
3/5/2022,0.40%,0.42%
3/6/2022,-1.40%,-1.40%
3/7/2022,-0.60%,-0.59%
3/8/2022,0.80%,0.78%
3/9/2022,2.80%,2.79%
3/10/2022,-1.90%,-1.92%
3/11/2022,-0.80%,-0.83%
3/12/2022,0.10%,0.08%
3/13/2022,-1.50%,-1.46%
3/14/2022,1.40%,1.43%
3/15/2022,0.50%,0.49%
3/16/2022,1.90%,1.88%
3/17/2022,0.00%,-0.04%
3/18/2022,1.50%,1.50%
3/19/2022,0.40%,0.38%
3/20/2022,-1.00%,-0.99%
3/21/2022,0.10%,0.08%
3/22/2022,1.00%,0.96%
3/23/2022,0.60%,0.54%
3/24/2022,1.30%,1.24%
3/25/2022,-0.10%,-0.06%
3/26/2022,0.60%,0.63%
3/27/2022,2.10%,2.09%
3/28/2022,0.30%,0.29%
3/29/2022,0.30%,0.33%
3/30/2022,0.50%,0.50%
3/31/2022,-0.90%,-0.94%
4/1/2022,2.60%,2.58%
4/2/2022,-0.50%,-0.55%
4/3/2022,1.30%,1.26%
4/4/2022,-0.70%,-0.73%
4/5/2022,-1.90%,-1.87%
4/6/2022,-3.60%,-3.63%
4/7/2022,1.10%,1.07%
4/8/2022,-2.60%,-2.62%
4/9/2022,1.00%,1.00%
4/10/2022,-1.00%,-1.05%
4/11/2022,-3.30%,-3.35%
4/12/2022,0.80%,0.75%
4/13/2022,1.70%,1.70%
4/14/2022,-2.00%,-2.02%
4/15/2022,0.40%,0.40%
4/16/2022,-0.30%,-0.28%
4/17/2022,-1.10%,-1.12%
4/18/2022,1.60%,1.62%
4/19/2022,1.50%,1.53%
4/20/2022,-0.90%,-0.94%
4/21/2022,-1.80%,-1.82%
4/22/2022,-0.30%,-0.35%
4/23/2022,-0.60%,-0.59%
4/24/2022,-0.50%,-0.47%
4/25/2022,1.70%,1.66%
4/26/2022,-3.50%,-3.46%
4/27/2022,1.30%,1.30%
4/28/2022,0.50%,0.46%
4/29/2022,-2.00%,-1.98%
4/30/2022,-2.30%,-2.31%
5/1/2022,2.00%,1.99%
5/2/2022,-0.70%,-0.74%
5/3/2022,-0.90%,-0.89%
5/4/2022,3.30%,3.25%
5/5/2022,-3.60%,-3.59%
5/6/2022,-0.60%,-0.63%
5/7/2022,-1.80%,-1.85%
5/8/2022,-1.70%,-1.69%
5/9/2022,-7.00%,-7.00%
5/10/2022,2.00%,1.95%
5/11/2022,-5.40%,-5.45%
5/12/2022,-1.60%,-1.64%
5/13/2022,1.70%,1.72%
5/14/2022,1.30%,1.28%
5/15/2022,1.00%,1.00%
5/16/2022,-1.30%,-1.29%
5/17/2022,0.90%,0.90%
5/18/2022,-3.30%,-3.27%
5/19/2022,2.00%,2.01%
5/20/2022,-1.90%,-1.95%
5/21/2022,0.50%,0.53%
5/22/2022,1.70%,1.69%
5/23/2022,-1.70%,-1.74%
5/24/2022,0.30%,0.29%
5/25/2022,-0.60%,-0.56%
5/26/2022,-1.90%,-1.91%
5/27/2022,-1.30%,-1.26%
5/28/2022,0.70%,0.68%
5/29/2022,0.50%,0.46%
5/30/2022,3.30%,3.28%
5/31/2022,0.60%,0.55%
6/1/2022,-2.80%,-2.85%
6/2/2022,0.70%,0.70%
6/3/2022,-1.10%,-1.14%
6/4/2022,3.20%,3.15%
6/5/2022,-0.20%,-0.23%
6/6/2022,-0.60%,-0.64%
6/7/2022,-0.80%,-0.76%
6/8/2022,-1.30%,-1.33%
6/9/2022,0.10%,0.05%
6/10/2022,-1.60%,-1.58%
6/11/2022,-1.50%,-1.47%
6/12/2022,-1.80%,-1.78%
6/13/2022,-5.70%,-5.74%
6/14/2022,-0.20%,-0.22%
6/15/2022,1.70%,1.67%
6/16/2022,-3.00%,-3.04%
6/17/2022,-0.30%,-0.28%
6/18/2022,-0.20%,-0.20%
6/19/2022,2.80%,2.79%
6/20/2022,0.10%,0.05%
6/21/2022,0.40%,0.35%
6/22/2022,-1.40%,-1.42%
6/23/2022,2.20%,2.17%
6/24/2022,1.30%,1.27%
6/25/2022,0.20%,0.23%
6/26/2022,-1.20%,-1.18%
6/27/2022,-0.50%,-0.48%
6/28/2022,-1.40%,-1.44%
6/29/2022,-0.80%,-0.78%
6/30/2022,-0.30%,-0.28%
7/1/2022,-1.30%,-1.28%
7/2/2022,-0.10%,-0.09%
7/3/2022,-0.40%,-0.44%
7/4/2022,3.30%,3.33%
7/5/2022,-1.40%,-1.44%
7/6/2022,1.00%,1.03%
7/7/2022,1.70%,1.67%
7/8/2022,0.20%,0.19%
7/9/2022,0.10%,0.06%
7/10/2022,-1.00%,-1.02%
7/11/2022,-1.30%,-1.35%
7/12/2022,-0.40%,-0.45%
7/13/2022,0.50%,0.52%
7/14/2022,2.10%,2.09%
7/15/2022,0.40%,0.35%
7/16/2022,1.00%,0.94%
7/17/2022,-0.90%,-0.86%
7/18/2022,4.60%,4.57%
7/19/2022,0.20%,0.17%
7/20/2022,-1.40%,-1.40%
7/21/2022,1.10%,1.08%
7/22/2022,-2.10%,-2.12%
7/23/2022,0.10%,0.10%
7/24/2022,0.90%,0.89%
7/25/2022,-2.70%,-2.70%
7/26/2022,0.40%,0.38%
7/27/2022,4.60%,4.59%
7/28/2022,2.10%,2.06%
7/29/2022,-0.10%,-0.10%
7/30/2022,0.00%,0.01%
7/31/2022,-1.10%,-1.08%
8/1/2022,-0.10%,-0.13%
8/2/2022,-0.20%,-0.19%
8/3/2022,-0.70%,-0.70%
8/4/2022,0.10%,0.05%
8/5/2022,2.50%,2.48%
8/6/2022,-1.10%,-1.09%
8/7/2022,0.40%,0.39%
8/8/2022,2.00%,1.98%
8/9/2022,-1.80%,-1.82%
8/10/2022,3.10%,3.06%
8/11/2022,0.00%,-0.01%
8/12/2022,1.20%,1.17%
8/13/2022,0.50%,0.50%
8/14/2022,-0.80%,-0.76%
8/15/2022,-2.10%,-2.14%
8/16/2022,-0.80%,-0.82%
8/17/2022,-1.90%,-1.88%
8/18/2022,-0.50%,-0.55%
8/19/2022,-2.40%,-2.44%
8/20/2022,-0.20%,-0.18%
8/21/2022,1.10%,1.07%
8/22/2022,-0.70%,-0.71%
8/23/2022,0.70%,0.68%
8/24/2022,-1.70%,-1.72%
8/25/2022,0.60%,0.55%
8/26/2022,-3.00%,-3.02%
8/27/2022,0.20%,0.16%
8/28/2022,-0.90%,-0.88%
8/29/2022,2.00%,1.98%
8/30/2022,-1.00%,-1.05%
8/31/2022,0.00%,0.01%
9/1/2022,0.80%,0.78%
9/2/2022,-0.70%,-0.72%
9/3/2022,-1.00%,-1.00%
9/4/2022,0.40%,0.35%
9/5/2022,0.20%,0.18%
9/6/2022,-0.60%,-0.65%
9/7/2022,1.10%,1.13%
9/8/2022,0.20%,0.22%
9/9/2022,2.90%,2.93%
9/10/2022,0.70%,0.72%
9/11/2022,-0.20%,-0.24%
9/12/2022,0.70%,0.66%
9/13/2022,-4.20%,-4.25%
9/14/2022,1.20%,1.22%
9/15/2022,-1.80%,-1.83%
9/16/2022,-0.60%,-0.63%
9/17/2022,1.30%,1.24%
9/18/2022,-1.90%,-1.89%
9/19/2022,0.00%,-0.01%
9/20/2022,-0.20%,-0.19%
9/21/2022,-1.80%,-1.85%
9/22/2022,1.80%,1.78%
9/23/2022,-0.90%,-0.88%
9/24/2022,-1.00%,-0.99%
9/25/2022,-0.50%,-0.49%
9/26/2022,0.90%,0.92%
9/27/2022,0.40%,0.42%
9/28/2022,0.60%,0.54%
9/29/2022,0.40%,0.42%
9/30/2022,-0.50%,-0.49%
10/1/2022,-0.40%,-0.37%
10/2/2022,0.10%,0.05%
10/3/2022,1.20%,1.16%
10/4/2022,1.70%,1.70%
10/5/2022,-0.70%,-0.73%
10/6/2022,-0.40%,-0.40%
10/7/2022,-0.10%,-0.11%
10/8/2022,-0.20%,-0.17%
10/9/2022,0.30%,0.27%
10/10/2022,-0.40%,-0.44%
10/11/2022,-0.80%,-0.80%
10/12/2022,0.30%,0.28%
10/13/2022,0.20%,0.17%
10/14/2022,-0.10%,-0.07%
10/15/2022,-0.10%,-0.08%
10/16/2022,0.60%,0.60%
10/17/2022,1.10%,1.10%
10/18/2022,-0.60%,-0.62%
10/19/2022,-0.50%,-0.46%
10/20/2022,-0.70%,-0.69%
10/21/2022,-0.10%,-0.11%
10/22/2022,-0.10%,-0.06%
10/23/2022,2.10%,2.04%
10/24/2022,-1.50%,-1.46%
10/25/2022,3.90%,3.89%
10/26/2022,1.60%,1.55%
10/27/2022,-0.90%,-0.95%
10/28/2022,0.90%,0.93%
10/29/2022,0.80%,0.76%
10/30/2022,-0.10%,-0.13%
10/31/2022,-0.20%,-0.21%
11/1/2022,-1.50%,-1.48%
11/2/2022,-2.50%,-2.48%
11/3/2022,0.10%,0.12%
11/4/2022,3.50%,3.49%
11/5/2022,0.30%,0.31%
11/6/2022,-1.30%,-1.32%
11/7/2022,-0.50%,-0.54%
11/8/2022,-6.20%,-6.16%
11/9/2022,-7.10%,-7.10%
11/10/2022,3.00%,3.00%
11/11/2022,-0.60%,-0.64%
11/12/2022,-0.40%,-0.44%
11/13/2022,-0.60%,-0.61%
11/14/2022,0.30%,0.33%
11/15/2022,0.20%,0.22%
11/16/2022,-0.50%,-0.46%
11/17/2022,-0.10%,-0.15%
11/18/2022,0.20%,0.15%
11/19/2022,0.00%,0.02%
11/20/2022,-0.90%,-0.92%
11/21/2022,-0.70%,-0.71%
11/22/2022,0.60%,0.60%
11/23/2022,1.00%,0.99%
11/24/2022,0.20%,0.16%
11/25/2022,-0.10%,-0.10%
11/26/2022,0.10%,0.12%
11/27/2022,-0.10%,-0.14%
11/28/2022,0.50%,0.51%
11/29/2022,-9.90%,-9.89%
11/30/2022,3.10%,3.09%
12/1/2022,-0.60%,-0.56%
12/2/2022,0.30%,0.24%
12/3/2022,-0.60%,-0.62%
12/4/2022,0.50%,0.46%
12/5/2022,-0.30%,-0.30%
12/6/2022,0.20%,0.19%
12/7/2022,-0.60%,-0.58%
12/8/2022,1.00%,0.98%
12/9/2022,-0.40%,-0.42%
12/10/2022,0.00%,0.03%
12/11/2022,-0.40%,-0.45%
12/12/2022,0.00%,0.03%
12/13/2022,1.30%,1.31%
12/14/2022,0.10%,0.07%
12/15/2022,0.30%,0.25%
12/16/2022,0.20%,0.14%
12/17/2022,0.30%,0.30%
12/18/2022,0.00%,0.01%
12/19/2022,-0.30%,-0.35%
12/20/2022,0.60%,0.60%
12/21/2022,-0.20%,-0.21%
12/22/2022,0.10%,0.05%
12/23/2022,-0.10%,-0.08%
12/24/2022,0.10%,0.06%
12/25/2022,-0.90%,-0.87%
12/26/2022,0.20%,0.18%
12/27/2022,-0.90%,-0.91%
12/28/2022,0.10%,0.12%
12/29/2022,-0.10%,-0.10%
12/30/2022,-0.50%,-0.48%
12/31/2022,-0.10%,-0.08%
1/1/2023,-0.30%,-0.27%
1/2/2023,0.30%,0.27%
1/3/2023,0.00%,0.02%
1/4/2023,1.00%,0.99%
1/5/2023,-0.30%,-0.28%
1/6/2023,0.40%,0.34%
1/7/2023,0.00%,-0.03%
1/8/2023,0.70%,0.67%
1/9/2023,0.30%,0.27%
1/10/2023,-0.30%,-0.26%
1/11/2023,1.70%,1.67%
1/12/2023,1.80%,1.74%
1/13/2023,0.60%,0.56%
1/14/2023,4.20%,4.18%
1/15/2023,-0.10%,-0.06%
1/16/2023,0.70%,0.69%
1/17/2023,-0.40%,-0.41%
1/18/2023,0.70%,0.71%
1/19/2023,-1.10%,-1.09%
1/20/2023,7.20%,7.20%
1/21/2023,-1.30%,-1.33%
1/22/2023,-1.90%,-1.87%
1/23/2023,0.40%,0.37%
1/24/2023,-2.20%,-2.21%
1/25/2023,2.20%,2.14%
1/26/2023,-0.20%,-0.24%
1/27/2023,-1.50%,-1.50%
1/28/2023,0.00%,-0.04%
1/29/2023,2.00%,1.95%
1/30/2023,-2.60%,-2.57%
1/31/2023,0.10%,0.13%
2/1/2023,1.30%,1.26%
2/2/2023,-0.70%,-0.69%
2/3/2023,0.50%,0.48%
2/4/2023,-0.20%,-0.18%
2/5/2023,-0.70%,-0.72%
2/6/2023,-1.80%,-1.81%
2/7/2023,1.80%,1.74%
2/8/2023,-1.90%,-1.90%
2/9/2023,-2.60%,-2.61%
2/10/2023,-0.50%,-0.53%
2/11/2023,1.10%,1.07%
2/12/2023,-1.00%,-0.99%
2/13/2023,-0.90%,-0.90%
2/14/2023,2.70%,2.65%
2/15/2023,6.50%,6.47%
2/16/2023,-1.00%,-1.00%
2/17/2023,2.70%,2.69%
2/18/2023,-0.20%,-0.19%
2/19/2023,-1.50%,-1.52%
2/20/2023,0.30%,0.28%
2/21/2023,-1.50%,-1.49%
2/22/2023,-0.80%,-0.79%
2/23/2023,-0.70%,-0.69%
2/24/2023,-0.60%,-0.57%
2/25/2023,-0.50%,-0.52%
2/26/2023,2.60%,2.59%
2/27/2023,-0.80%,-0.82%
2/28/2023,-2.30%,-2.29%
3/1/2023,1.10%,1.05%
3/2/2023,-1.80%,-1.82%
3/3/2023,-0.20%,-0.19%
3/4/2023,-0.70%,-0.73%
3/5/2023,0.00%,0.00%
3/6/2023,-0.60%,-0.56%
3/7/2023,-1.30%,-1.34%
3/8/2023,-0.90%,-0.87%
3/9/2023,-0.60%,-0.61%
3/10/2023,0.90%,0.85%
3/11/2023,0.00%,0.03%
3/12/2023,4.10%,4.08%
3/13/2023,3.10%,3.11%
3/14/2023,1.10%,1.04%
3/15/2023,-2.10%,-2.14%
3/16/2023,3.00%,2.96%
3/17/2023,2.50%,2.53%
3/18/2023,-1.10%,-1.14%
3/19/2023,1.30%,1.28%
3/20/2023,-1.20%,-1.20%
3/21/2023,1.20%,1.18%
3/22/2023,-1.90%,-1.93%
3/23/2023,0.50%,0.52%
3/24/2023,-3.20%,-3.21%
3/25/2023,-0.30%,-0.29%
3/26/2023,0.50%,0.52%
3/27/2023,-2.30%,-2.33%
3/28/2023,1.20%,1.21%
3/29/2023,1.90%,1.84%
3/30/2023,-0.70%,-0.72%
3/31/2023,0.50%,0.49%
4/1/2023,-0.30%,-0.30%
4/2/2023,-0.70%,-0.70%
4/3/2023,-1.20%,-1.24%
4/4/2023,1.20%,1.22%
4/5/2023,0.60%,0.62%
4/6/2023,-0.70%,-0.72%
4/7/2023,-0.30%,-0.27%
4/8/2023,-0.40%,-0.40%
4/9/2023,0.50%,0.46%
4/10/2023,2.90%,2.84%
4/11/2023,0.80%,0.74%
4/12/2023,0.20%,0.16%
4/13/2023,2.60%,2.56%
4/14/2023,2.00%,2.00%
4/15/2023,-0.10%,-0.10%
4/16/2023,0.60%,0.54%
4/17/2023,-1.40%,-1.38%
4/18/2023,1.40%,1.38%
4/19/2023,-3.60%,-3.59%
4/20/2023,-1.50%,-1.49%
4/21/2023,-1.70%,-1.69%
4/22/2023,1.00%,1.01%
4/23/2023,-1.00%,-1.01%
4/24/2023,-0.60%,-0.65%
4/25/2023,1.50%,1.50%
4/26/2023,0.50%,0.53%
4/27/2023,1.40%,1.40%
4/28/2023,-0.50%,-0.47%
4/29/2023,0.00%,-0.02%
4/30/2023,-0.80%,-0.77%
5/1/2023,-1.50%,-1.53%
5/2/2023,1.20%,1.15%
5/3/2023,0.80%,0.76%
5/4/2023,-1.00%,-0.97%
5/5/2023,2.40%,2.40%
5/6/2023,-2.10%,-2.06%
5/7/2023,-0.80%,-0.77%
5/8/2023,-1.40%,-1.40%
5/9/2023,-0.20%,-0.18%
5/10/2023,-0.70%,-0.71%
5/11/2023,-1.70%,-1.66%
5/12/2023,0.80%,0.83%
5/13/2023,-0.40%,-0.40%
5/14/2023,0.20%,0.18%
5/15/2023,0.20%,0.16%
5/16/2023,-0.20%,-0.20%
5/17/2023,0.50%,0.48%
5/18/2023,-1.20%,-1.18%
5/19/2023,-0.10%,-0.14%
5/20/2023,0.30%,0.29%
5/21/2023,-0.90%,-0.94%
5/22/2023,-0.50%,-0.52%
5/23/2023,1.70%,1.65%
5/24/2023,-1.60%,-1.64%
5/25/2023,0.20%,0.15%
5/26/2023,0.80%,0.76%
5/27/2023,0.20%,0.22%
5/28/2023,3.30%,3.24%
5/29/2023,-1.00%,-1.04%
5/30/2023,-0.20%,-0.17%
5/31/2023,-1.20%,-1.25%
6/1/2023,-1.10%,-1.09%
6/2/2023,1.40%,1.40%
6/3/2023,-0.50%,-0.49%
6/4/2023,-0.30%,-0.28%
6/5/2023,-2.40%,-2.38%
6/6/2023,2.90%,2.86%
6/7/2023,-2.10%,-2.14%
6/8/2023,0.30%,0.27%
6/9/2023,-0.40%,-0.45%
6/10/2023,-2.20%,-2.16%
6/11/2023,-0.10%,-0.10%
6/12/2023,-0.40%,-0.39%
6/13/2023,-0.10%,-0.11%
6/14/2023,-1.10%,-1.10%
6/15/2023,-3.20%,-3.24%
6/16/2023,2.10%,2.09%
6/17/2023,0.50%,0.51%
6/18/2023,-0.30%,-0.33%
6/19/2023,0.60%,0.57%
6/20/2023,3.20%,3.23%
6/21/2023,3.50%,3.52%
6/22/2023,-0.30%,-0.26%
6/23/2023,0.90%,0.90%
6/24/2023,-0.60%,-0.57%
6/25/2023,0.30%,0.31%
6/26/2023,-1.20%,-1.19%
6/27/2023,0.60%,0.56%
6/28/2023,-1.60%,-1.59%
6/29/2023,0.70%,0.66%
6/30/2023,0.40%,0.42%
7/1/2023,-0.10%,-0.09%
7/2/2023,0.50%,0.53%
7/3/2023,0.90%,0.93%
7/4/2023,-0.60%,-0.60%
7/5/2023,-0.80%,-0.76%
7/6/2023,-0.90%,-0.90%
7/7/2023,1.10%,1.06%
7/8/2023,-0.10%,-0.13%
7/9/2023,-0.20%,-0.24%
7/10/2023,0.30%,0.26%
7/11/2023,0.20%,0.18%
7/12/2023,-0.80%,-0.79%
7/13/2023,4.30%,4.33%
7/14/2023,-2.00%,-1.98%
7/15/2023,0.30%,0.25%
7/16/2023,-0.20%,-0.21%
7/17/2023,-0.10%,-0.13%
7/18/2023,-1.30%,-1.32%
7/19/2023,0.00%,0.03%
7/20/2023,-0.30%,-0.30%
7/21/2023,-0.10%,-0.15%
7/22/2023,-0.40%,-0.39%
7/23/2023,0.50%,0.49%
7/24/2023,-1.60%,-1.63%
7/25/2023,-0.20%,-0.22%
7/26/2023,0.90%,0.89%
7/27/2023,-0.30%,-0.29%
7/28/2023,-0.10%,-0.08%
7/29/2023,0.30%,0.27%
7/30/2023,-0.50%,-0.53%
7/31/2023,-0.60%,-0.59%
8/1/2023,0.70%,0.70%
8/2/2023,-1.70%,-1.66%
8/3/2023,-0.50%,-0.52%
8/4/2023,-0.20%,-0.20%
8/5/2023,-0.10%,-0.06%
8/6/2023,-0.10%,-0.09%
8/7/2023,0.10%,0.09%
8/8/2023,1.00%,0.99%
8/9/2023,-0.20%,-0.19%
8/10/2023,0.00%,-0.01%
8/11/2023,-0.20%,-0.22%
8/12/2023,0.00%,-0.02%
8/13/2023,-0.20%,-0.19%
8/14/2023,-0.80%,-0.83%
8/15/2023,-0.90%,-0.91%
8/16/2023,-3.50%,-3.53%
8/17/2023,-0.50%,-0.46%
8/18/2023,0.00%,-0.02%
8/19/2023,0.60%,0.61%
8/20/2023,-0.80%,-0.80%
8/21/2023,-0.10%,-0.11%
8/22/2023,1.10%,1.12%
8/23/2023,0.00%,-0.02%
8/24/2023,-0.70%,-0.68%
8/25/2023,-1.00%,-0.99%
8/26/2023,0.10%,0.04%
8/27/2023,0.00%,0.00%
8/28/2023,-0.10%,-0.12%
8/29/2023,3.80%,3.79%
8/30/2023,-0.90%,-0.95%
8/31/2023,-2.40%,-2.38%
9/1/2023,-0.60%,-0.59%
9/2/2023,0.20%,0.17%
9/3/2023,0.20%,0.21%
9/4/2023,-0.20%,-0.25%
9/5/2023,-0.10%,-0.09%
9/6/2023,-0.10%,-0.09%
9/7/2023,0.70%,0.70%
9/8/2023,-0.70%,-0.67%
9/9/2023,-0.10%,-0.08%
9/10/2023,-0.60%,-0.65%
9/11/2023,-1.70%,-1.75%
9/12/2023,1.40%,1.40%
9/13/2023,0.60%,0.60%
9/14/2023,0.60%,0.57%
9/15/2023,0.60%,0.59%
9/16/2023,-0.10%,-0.12%
9/17/2023,-0.40%,-0.45%
9/18/2023,0.70%,0.64%
9/19/2023,0.60%,0.60%
9/20/2023,-0.30%,-0.29%
9/21/2023,-1.30%,-1.29%
9/22/2023,0.30%,0.24%
9/23/2023,0.00%,-0.04%
9/24/2023,-0.70%,-0.68%
9/25/2023,0.30%,0.30%
9/26/2023,-0.10%,-0.06%
9/27/2023,0.20%,0.18%
9/28/2023,1.80%,1.83%
9/29/2023,-0.30%,-0.29%
9/30/2023,0.60%,0.59%
10/1/2023,2.30%,2.33%
10/2/2023,-1.50%,-1.52%
10/3/2023,-0.40%,-0.43%
10/4/2023,0.10%,0.07%
10/5/2023,-0.70%,-0.67%
10/6/2023,1.00%,1.00%
10/7/2023,-0.20%,-0.24%
10/8/2023,-0.20%,-0.16%
10/9/2023,-1.40%,-1.45%
10/10/2023,-0.30%,-0.31%
10/11/2023,-0.60%,-0.62%
10/12/2023,-0.70%,-0.75%
10/13/2023,0.60%,0.58%
10/14/2023,0.20%,0.14%
10/15/2023,0.40%,0.42%
10/16/2023,2.70%,2.64%
10/17/2023,-0.70%,-0.74%
10/18/2023,-0.30%,-0.34%
10/19/2023,1.00%,0.94%
10/20/2023,2.40%,2.40%
10/21/2023,1.90%,1.88%
10/22/2023,0.50%,0.46%
10/23/2023,5.40%,5.40%
10/24/2023,0.00%,0.00%
10/25/2023,1.40%,1.37%
10/26/2023,-0.10%,-0.11%
10/27/2023,-0.80%,-0.85%
10/28/2023,0.20%,0.21%
10/29/2023,1.30%,1.31%
10/30/2023,1.10%,1.04%
10/31/2023,1.70%,1.64%
11/1/2023,2.90%,2.93%
11/2/2023,-1.80%,-1.84%
11/3/2023,0.10%,0.04%
11/4/2023,2.20%,2.22%
11/5/2023,-0.10%,-0.09%
11/6/2023,1.20%,1.21%
11/7/2023,0.50%,0.48%
11/8/2023,0.50%,0.50%
11/9/2023,4.40%,4.42%
11/10/2023,5.00%,4.96%
11/11/2023,-0.30%,-0.35%
11/12/2023,-0.20%,-0.20%
11/13/2023,-2.80%,-2.79%
11/14/2023,0.10%,0.07%
11/15/2023,7.10%,7.13%
11/16/2023,-5.70%,-5.74%
11/17/2023,0.20%,0.16%
11/18/2023,0.20%,0.23%
11/19/2023,2.60%,2.56%
11/20/2023,-1.70%,-1.73%
11/21/2023,-4.30%,-4.26%
11/22/2023,7.80%,7.74%
11/23/2023,-0.20%,-0.25%
11/24/2023,0.70%,0.70%
11/25/2023,1.00%,1.00%
11/26/2023,-1.20%,-1.16%
11/27/2023,-1.80%,-1.80%
11/28/2023,2.10%,2.07%
11/29/2023,0.10%,0.13%
11/30/2023,0.00%,0.02%
12/1/2023,1.60%,1.61%
12/2/2023,3.60%,3.55%
12/3/2023,0.30%,0.31%
12/4/2023,1.40%,1.41%
12/5/2023,2.50%,2.44%
12/6/2023,-0.80%,-0.77%
12/7/2023,3.50%,3.49%
12/8/2023,3.30%,3.25%
12/9/2023,-1.50%,-1.46%
12/10/2023,0.90%,0.86%
12/11/2023,-4.80%,-4.82%
12/12/2023,-0.50%,-0.47%
12/13/2023,2.50%,2.48%
12/14/2023,2.40%,2.38%
12/15/2023,-3.00%,-3.05%
12/16/2023,0.80%,0.79%
12/17/2023,-2.30%,-2.29%
12/18/2023,2.70%,2.66%
12/19/2023,-1.30%,-1.33%
12/20/2023,4.00%,3.97%
12/21/2023,5.60%,5.55%
12/22/2023,3.00%,3.00%
12/23/2023,2.80%,2.76%
12/24/2023,0.70%,0.69%
12/25/2023,2.70%,2.71%
12/26/2023,-3.20%,-3.21%
12/27/2023,1.90%,1.93%
12/28/2023,-3.60%,-3.59%
12/29/2023,0.80%,0.74%
12/30/2023,-1.60%,-1.59%
12/31/2023,0.80%,0.75%
1/1/2024,3.70%,3.71%
1/2/2024,-0.40%,-0.38%
1/3/2024,-5.10%,-5.15%
1/4/2024,4.20%,4.15%
1/5/2024,-1.80%,-1.84%
1/6/2024,-3.00%,-3.04%
1/7/2024,-2.00%,-2.03%
1/8/2024,6.70%,6.71%
1/9/2024,0.80%,0.82%
1/10/2024,3.70%,3.73%
1/11/2024,0.10%,0.08%
1/12/2024,-6.10%,-6.12%
1/13/2024,1.20%,1.18%
1/14/2024,-2.70%,-2.73%
1/15/2024,1.30%,1.29%
1/16/2024,1.60%,1.57%
1/17/2024,0.20%,0.15%
1/18/2024,-3.80%,-3.82%
1/19/2024,-2.00%,-2.02%
1/20/2024,2.20%,2.21%
1/21/2024,-0.70%,-0.66%
1/22/2024,-5.50%,-5.54%
1/23/2024,-0.40%,-0.37%
1/24/2024,1.50%,1.49%
1/25/2024,-0.70%,-0.72%
1/26/2024,4.10%,4.04%
1/27/2024,0.90%,0.93%
1/28/2024,0.10%,0.09%
1/29/2024,3.70%,3.66%
1/30/2024,0.40%,0.43%
1/31/2024,-2.70%,-2.68%
2/1/2024,1.10%,1.05%
2/2/2024,1.20%,1.20%
2/3/2024,-1.10%,-1.14%
2/4/2024,-1.00%,-1.05%
2/5/2024,0.40%,0.37%
2/6/2024,1.60%,1.59%
2/7/2024,2.90%,2.88%
2/8/2024,1.10%,1.04%
2/9/2024,3.50%,3.53%
2/10/2024,0.90%,0.90%
2/11/2024,0.30%,0.32%
2/12/2024,4.00%,3.96%
2/13/2024,-0.30%,-0.32%
2/14/2024,4.00%,3.25%
2/15/2024,-0.50%,-0.42%
2/16/2024,-1.20%,-0.97%
2/17/2024,-0.70%,-0.53%
2/18/2024,2.10%,1.70%
2/19/2024,0.30%,0.24%
2/20/2024,-0.40%,-0.35%
2/21/2024,-1.90%,-1.49%
2/22/2024,-1.40%,-1.13%
2/23/2024,-1.00%,-1.03%
2/24/2024,2.50%,2.25%
2/25/2024,0.90%,0.73%
2/26/2024,4.30%,3.46%
2/27/2024,1.60%,1.27%
2/28/2024,6.80%,5.53%
2/29/2024,0.40%,0.34%
3/1/2024,2.50%,2.02%
3/2/2024,0.30%,0.24%
3/3/2024,0.90%,0.77%
3/4/2024,3.80%,3.15%
3/5/2024,-4.30%,-3.55%
3/6/2024,4.80%,3.95%
3/7/2024,4.10%,3.43%
3/8/2024,0.60%,0.52%
3/9/2024,0.70%,0.55%
3/10/2024,0.40%,0.33%
3/11/2024,3.50%,2.95%
3/12/2024,-0.60%,-0.53%
3/13/2024,4.00%,3.39%
3/14/2024,1.00%,0.80%
3/15/2024,-1.20%,-1.03%
3/16/2024,-3.50%,-2.96%
3/17/2024,6.00%,5.02%
3/18/2024,-2.50%,-2.10%
3/19/2024,-9.20%,-7.81%
3/20/2024,10.10%,8.42%
3/21/2024,-3.90%,-3.35%
3/22/2024,-2.50%,-2.15%
3/23/2024,0.30%,0.21%
3/24/2024,4.50%,3.74%
3/25/2024,3.30%,2.80%
3/26/2024,0.30%,0.27%
3/27/2024,-2.00%,-1.72%
3/28/2024,1.90%,1.58%
3/29/2024,-0.30%,-0.22%
3/30/2024,0.40%,0.32%
3/31/2024,3.00%,2.54%
4/1/2024,-3.70%,-3.19%
4/2/2024,-6.00%,-5.09%
4/3/2024,0.80%,0.69%
4/4/2024,1.30%,1.07%
4/5/2024,-2.70%,-2.29%
4/6/2024,2.00%,1.71%
4/7/2024,1.00%,0.86%
4/8/2024,3.00%,2.51%
4/9/2024,-4.60%,-3.90%
4/10/2024,0.90%,0.75%
4/11/2024,-0.80%,-0.70%
4/12/2024,-8.50%,-7.15%
4/13/2024,-7.00%,-5.81%
4/14/2024,5.20%,4.30%
4/15/2024,-4.70%,-3.89%
4/16/2024,-0.70%,-0.58%
4/17/2024,-3.60%,-2.92%
4/18/2024,5.20%,4.21%
4/19/2024,0.20%,0.16%
4/20/2024,4.10%,3.40%
4/21/2024,-0.20%,-0.15%
4/22/2024,3.80%,3.14%
4/23/2024,-0.80%,-0.66%
4/24/2024,-4.10%,-3.38%
4/25/2024,-0.40%,-0.31%
4/26/2024,-2.30%,-1.88%
4/27/2024,1.30%,1.05%
4/28/2024,-1.10%,-0.88%
4/29/2024,-0.40%,-0.33%
4/30/2024,-6.20%,-5.06%
5/1/2024,0.50%,0.37%
5/2/2024,1.80%,1.43%
5/3/2024,5.00%,4.06%
5/4/2024,1.50%,1.19%
5/5/2024,0.30%,0.27%
5/6/2024,0.40%,0.36%
5/7/2024,-2.20%,-1.80%
5/8/2024,-2.60%,-2.18%
5/9/2024,4.20%,3.45%
5/10/2024,-3.60%,-3.01%
5/11/2024,-0.20%,-0.17%
5/12/2024,-0.10%,-0.05%
5/13/2024,1.90%,1.53%
5/14/2024,-3.00%,-2.45%
5/15/2024,8.70%,7.12%
5/16/2024,-1.00%,-0.86%
5/17/2024,4.70%,3.87%
5/18/2024,0.70%,0.56%
5/19/2024,-1.60%,-1.36%
5/20/2024,10.90%,9.06%
5/21/2024,-1.60%,-1.33%
5/22/2024,-1.50%,-1.25%
5/23/2024,-0.60%,-0.51%
5/24/2024,-1.70%,-1.44%
5/25/2024,0.90%,0.74%
5/26/2024,-1.20%,-1.00%
5/27/2024,2.60%,2.21%
5/28/2024,-1.30%,-1.12%
5/29/2024,-1.20%,-0.99%
5/30/2024,-0.10%,-0.10%
5/31/2024,-0.80%,-0.63%
6/1/2024,0.60%,0.46%
6/2/2024,-1.00%,-0.84%
6/3/2024,1.00%,0.82%
6/4/2024,3.10%,2.60%
6/5/2024,1.10%,0.95%
6/6/2024,-1.40%,-1.21%
6/7/2024,-3.80%,-3.24%
6/8/2024,-1.10%,-0.93%
6/9/2024,1.30%,1.09%
6/10/2024,-1.20%,-1.01%
6/11/2024,-4.60%,-3.87%
6/12/2024,2.80%,2.30%
6/13/2024,-3.50%,-2.95%
6/14/2024,-1.90%,-1.57%
6/15/2024,1.40%,1.18%
6/16/2024,2.10%,1.73%
6/17/2024,-3.20%,-2.69%
6/18/2024,-3.20%,-2.66%
6/19/2024,0.30%,0.21%
6/20/2024,-0.70%,-0.58%
6/21/2024,-0.30%,-0.26%
6/22/2024,-0.40%,-0.32%
6/23/2024,-2.60%,-2.11%
6/24/2024,-1.00%,-0.84%
6/25/2024,2.70%,2.15%
6/26/2024,-1.10%,-0.89%
6/27/2024,4.40%,3.55%
6/28/2024,-3.80%,-3.16%
6/29/2024,0.20%,0.18%
6/30/2024,3.50%,2.85%
7/1/2024,0.10%,0.04%
7/2/2024,1.00%,0.84%
7/3/2024,-5.50%,-4.53%
7/4/2024,-8.00%,-6.51%
7/5/2024,0.20%,0.19%
7/6/2024,5.00%,3.99%
7/7/2024,-6.20%,-5.03%
7/8/2024,3.60%,2.86%
7/9/2024,2.30%,1.88%
7/10/2024,0.40%,0.30%
7/11/2024,-1.70%,-1.36%
7/12/2024,1.60%,1.30%
7/13/2024,2.10%,1.71%
7/14/2024,3.30%,2.65%
7/15/2024,7.80%,6.40%
7/16/2024,-0.10%,-0.11%
7/17/2024,-2.00%,-1.66%
7/18/2024,0.70%,0.57%
7/19/2024,5.00%,4.12%
7/20/2024,1.30%,1.10%
7/21/2024,3.00%,2.50%
7/22/2024,-2.70%,-2.29%
7/23/2024,-1.80%,-1.53%
7/24/2024,-0.40%,-0.31%
7/25/2024,-2.00%,-1.69%
7/26/2024,4.40%,3.60%
7/27/2024,0.10%,0.06%
7/28/2024,0.50%,0.37%
7/29/2024,-1.00%,-0.86%
7/30/2024,-1.30%,-1.11%
7/31/2024,-2.80%,-2.35%
8/1/2024,-0.70%,-0.58%
8/2/2024,-7.20%,-5.97%
8/3/2024,-3.80%,-3.08%
8/4/2024,-4.40%,-3.60%
8/5/2024,-7.80%,-7.31%
8/6/2024,7.10%,6.76%
8/7/2024,-2.10%,-1.81%
8/8/2024,13.60%,10.99%
8/9/2024,-2.60%,-2.17%
8/10/2024,-0.20%,-0.18%
8/11/2024,-5.40%,-4.42%
8/12/2024,3.70%,2.94%
8/13/2024,0.90%,0.73%
8/14/2024,-2.40%,-1.96%
8/15/2024,-3.00%,-2.45%
8/16/2024,0.30%,0.24%
8/17/2024,1.60%,1.29%
8/18/2024,-0.70%,-0.56%
8/19/2024,1.70%,1.36%
8/20/2024,-1.30%,-1.06%
8/21/2024,2.80%,2.22%
8/22/2024,-0.30%,-0.26%
8/23/2024,7.00%,5.70%
8/24/2024,1.90%,1.51%
8/25/2024,-0.60%,-0.52%
8/26/2024,-2.40%,-2.00%
8/27/2024,-7.40%,-6.06%
8/28/2024,-0.20%,-0.17%
8/29/2024,-1.00%,-0.79%
8/30/2024,-0.50%,-0.39%
8/31/2024,-1.10%,-0.90%
9/1/2024,-4.40%,-4.08%
9/2/2024,5.00%,4.56%
9/3/2024,-5.00%,-4.65%
9/4/2024,2.50%,2.53%
9/5/2024,-3.60%,-3.63%
9/6/2024,-4.80%,-4.84%
9/7/2024,1.90%,1.90%
9/8/2024,1.70%,1.73%
9/9/2024,4.30%,4.31%
9/10/2024,1.20%,1.17%
9/11/2024,-1.90%,-1.90%
9/12/2024,2.10%,2.04%
9/13/2024,2.10%,1.77%
9/14/2024,-1.10%,-0.88%
9/15/2024,-2.70%,-2.61%
9/16/2024,-0.80%,-0.79%
9/17/2024,1.80%,1.77%
9/18/2024,2.10%,1.89%
9/19/2024,3.60%,2.85%
9/20/2024,1.60%,1.29%
9/21/2024,1.20%,0.97%
9/22/2024,-1.30%,-1.08%
9/23/2024,0.40%,0.34%
9/24/2024,2.60%,2.08%
9/25/2024,-2.30%,-1.91%
9/26/2024,3.40%,2.76%
9/27/2024,1.30%,1.04%
9/28/2024,-0.30%,-0.25%
9/29/2024,0.20%,0.12%
9/30/2024,-3.10%,-2.52%
10/1/2024,-4.60%,-3.74%
10/2/2024,-2.10%,-1.66%
10/3/2024,-1.00%,-0.80%
10/4/2024,3.30%,2.61%
10/5/2024,-0.20%,-0.15%
10/6/2024,1.70%,1.38%
10/7/2024,-1.10%,-0.86%
10/8/2024,-0.10%,-0.07%
10/9/2024,-2.80%,-2.22%
10/10/2024,-0.20%,-0.13%
10/11/2024,3.80%,3.06%
10/12/2024,1.00%,0.79%
10/13/2024,0.10%,0.04%
10/14/2024,5.90%,4.78%
10/15/2024,-0.30%,-0.24%
10/16/2024,0.30%,0.27%
10/17/2024,-1.30%,-1.08%
10/18/2024,2.20%,1.77%
10/19/2024,1.20%,0.97%
10/20/2024,3.00%,2.42%
10/21/2024,-1.80%,-1.45%
10/22/2024,0.10%,0.04%
10/23/2024,-0.50%,-0.41%
10/24/2024,2.60%,2.16%
10/25/2024,-4.60%,-3.80%
10/26/2024,2.00%,1.64%
10/27/2024,2.20%,1.77%
10/28/2024,2.80%,2.30%
10/29/2024,1.50%,1.25%
10/30/2024,-1.00%,-0.86%
10/31/2024,-3.70%,-3.06%
11/1/2024,-1.00%,-0.82%
11/2/2024,-0.20%,-0.16%
11/3/2024,-1.60%,-1.34%
11/4/2024,-2.10%,-1.71%
11/5/2024,3.50%,2.88%
11/6/2024,11.00%,9.01%
11/7/2024,3.50%,2.90%
11/8/2024,1.30%,1.07%
11/9/2024,1.80%,1.51%
11/10/2024,4.10%,3.49%
11/11/2024,7.90%,6.70%
11/12/2024,-3.50%,-3.01%
11/13/2024,1.00%,0.85%
11/14/2024,-3.50%,-2.99%
11/15/2024,3.70%,3.12%
11/16/2024,0.40%,0.29%
11/17/2024,2.50%,2.12%
11/18/2024,1.90%,1.62%
11/19/2024,-0.50%,-0.46%
11/20/2024,-0.10%,-0.08%
11/21/2024,7.30%,6.26%
11/22/2024,0.20%,0.15%
11/23/2024,-0.30%,-0.24%
11/24/2024,-0.40%,-0.31%
11/25/2024,-4.40%,-3.82%
11/26/2024,-1.50%,-1.27%
11/27/2024,6.10%,5.28%
11/28/2024,-1.10%,-0.96%
11/29/2024,1.90%,1.63%
11/30/2024,-0.40%,-0.37%
12/1/2024,0.30%,0.22%
12/2/2024,-2.50%,-2.17%
12/3/2024,1.90%,1.62%
12/4/2024,1.70%,1.45%
12/5/2024,0.50%,0.40%
12/6/2024,2.80%,2.44%
12/7/2024,0.20%,0.17%
12/8/2024,0.20%,0.15%
12/9/2024,-7.00%,-6.14%
12/10/2024,-1.30%,-1.17%
12/11/2024,6.20%,5.38%
12/12/2024,0.40%,0.34%
12/13/2024,-0.70%,-0.65%
12/14/2024,0.00%,-0.02%
12/15/2024,3.20%,2.79%
12/16/2024,-0.90%,-0.80%
12/17/2024,0.00%,-0.03%
12/18/2024,-6.70%,-5.82%
12/19/2024,-5.40%,-4.66%
12/20/2024,2.00%,1.72%
12/21/2024,-4.30%,-3.67%
12/22/2024,-1.20%,-1.02%
12/23/2024,3.90%,3.33%
12/24/2024,2.90%,2.52%
12/25/2024,0.10%,0.06%
12/26/2024,-4.80%,-4.16%
12/27/2024,-1.50%,-1.28%
12/28/2024,3.20%,2.71%
12/29/2024,-2.40%,-2.04%
12/30/2024,0.10%,0.06%
12/31/2024,-0.40%,-0.33%
1/1/2025,2.10%,1.71%
1/2/2025,4.40%,3.55%
1/3/2025,4.60%,3.75%
1/4/2025,0.70%,0.53%
1/5/2025,-0.40%,-0.32%
1/6/2025,1.60%,1.34%
1/7/2025,-7.00%,-5.74%
1/8/2025,-2.20%,-1.76%
1/9/2025,-4.00%,-3.36%
1/10/2025,2.00%,1.76%
1/11/2025,-0.20%,-0.18%
1/12/2025,-0.40%,-0.31%
1/13/2025,-2.10%,-1.96%
1/14/2025,2.40%,2.22%
1/15/2025,7.20%,5.73%
1/16/2025,-0.40%,-0.36%
1/17/2025,4.70%,3.77%
1/18/2025,5.10%,4.16%
1/19/2025,-4.50%,-3.70%
1/20/2025,0.00%,0.00%
1/21/2025,3.70%,3.02%
1/22/2025,-1.00%,-0.80%
1/23/2025,-0.20%,-0.16%
1/24/2025,-0.40%,-0.32%
1/25/2025,0.50%,0.39%
1/26/2025,-4.30%,-3.57%
1/27/2025,-1.40%,-1.13%
1/28/2025,-3.20%,-2.57%
1/29/2025,1.90%,1.56%
1/30/2025,3.90%,3.13%
1/31/2025,-1.80%,-1.44%
2/1/2025,-6.20%,-5.08%
2/2/2025,-6.00%,-5.39%
2/3/2025,6.00%,5.41%
2/4/2025,-5.00%,-4.41%
2/5/2025,-3.00%,-3.03%
2/6/2025,-3.00%,-3.03%
2/7/2025,-0.20%,-0.16%
2/8/2025,2.30%,2.29%
2/9/2025,-0.20%,-0.24%
2/10/2025,1.30%,1.32%
2/11/2025,-1.40%,-1.44%
2/12/2025,2.30%,2.24%
2/13/2025,-1.80%,-1.81%
2/14/2025,2.20%,2.23%
2/15/2025,-1.70%,-1.72%
2/16/2025,-2.40%,-2.40%
2/17/2025,-1.90%,-1.89%
2/18/2025,-2.90%,-2.88%
2/19/2025,0.70%,0.69%
2/20/2025,3.50%,3.52%
2/21/2025,-3.40%,-3.42%
2/22/2025,1.90%,1.86%
2/23/2025,-0.80%,-0.76%
2/24/2025,-11.00%,-10.98%
2/25/2025,-1.30%,-1.32%
2/26/2025,-5.30%,-5.26%
2/27/2025,0.00%,0.02%
2/28/2025,1.60%,1.55%
3/1/2025,-0.10%,-0.15%
3/2/2025,16.70%,16.67%
3/3/2025,-15.70%,-15.72%
3/4/2025,1.40%,1.42%
3/5/2025,3.30%,3.26%
3/6/2025,-1.30%,-1.33%
3/7/2025,-3.20%,-3.20%
3/8/2025,-0.70%,-0.70%
3/9/2025,-7.60%,-7.59%
3/10/2025,-5.10%,-5.11%
3/11/2025,5.30%,5.29%
3/12/2025,0.70%,0.71%
3/13/2025,-3.80%,-3.78%
3/14/2025,5.80%,5.80%
3/15/2025,1.40%,1.36%
3/16/2025,-4.30%,-4.31%
3/17/2025,2.50%,2.48%
3/18/2025,-1.90%,-1.91%
3/19/2025,6.80%,6.77%
3/20/2025,-5.10%,-5.06%
3/21/2025,0.50%,0.45%
3/22/2025,0.00%,-0.02%
3/23/2025,2.90%,2.85%
3/24/2025,4.00%,4.02%
3/25/2025,0.80%,0.74%
3/26/2025,-2.00%,-2.05%
3/27/2025,0.90%,0.89%
3/28/2025,-5.60%,-5.61%
3/29/2025,-3.60%,-3.58%
3/30/2025,0.00%,-0.05%
3/31/2025,-0.40%,-0.41%
4/1/2025,3.66%,3.65%
4/2/2025,-5.59%,-5.60%
4/3/2025,0.36%,0.35%
4/4/2025,1.77%,1.76%
4/5/2025,-0.96%,-0.97%
4/6/2025,-10.24%,-10.24%
4/7/2025,1.07%,1.06%
4/8/2025,-3.44%,-3.45%
4/9/2025,11.71%,11.70%
4/10/2025,-5.22%,-5.23%
4/11/2025,5.79%,5.78%
4/12/2025,5.31%,5.30%
4/13/2025,-2.95%,-2.96%
4/14/2025,1.00%,0.99%
4/15/2025,-2.25%,-2.26%
4/16/2025,1.58%,1.57%
4/17/2025,1.86%,1.85%
4/18/2025,-0.58%,-0.59%
4/19/2025,2.17%,2.16%
4/20/2025,-0.60%,-0.61%
4/21/2025,1.24%,1.23%
4/22/2025,9.34%,9.33%
4/23/2025,1.57%,1.56%
4/24/2025,1.01%,1.00%
4/25/2025,0.53%,0.52%
4/26/2025,0.06%,0.05%
4/27/2025,-1.09%,-1.10%
4/28/2025,0.59%,0.58%
4/29/2025,-0.83%,-0.84%
4/30/2025,0.18%,0.17%
5/1/2025,2.60%,2.59%
5/2/2025,-0.80%,-0.82%
5/3/2025,-1.30%,-1.28%
5/4/2025,-1.80%,-1.79%
5/5/2025,1.10%,1.12%
5/6/2025,1.00%,0.99%
5/7/2025,0.10%,0.08%
5/8/2025,11.00%,10.94%
5/9/2025,2.50%,2.49%
5/10/2025,3.50%,3.45%
5/11/2025,-1.60%,-1.63%
5/12/2025,-1.20%,-1.24%
5/13/2025,3.80%,3.79%
5/14/2025,-2.30%,-2.32%
5/15/2025,-2.20%,-2.18%
5/16/2025,-0.60%,-0.59%
5/17/2025,-0.90%,-0.93%
5/18/2025,3.60%,3.63%
5/19/2025,-1.80%,-1.77%
5/20/2025,0.90%,0.93%
5/21/2025,2.50%,2.48%
5/22/2025,2.60%,2.63%
5/23/2025,-4.20%,-4.24%
5/24/2025,0.80%,0.77%
5/25/2025,0.60%,0.57%
5/26/2025,-0.10%,-0.06%
5/27/2025,1.00%,1.02%
5/28/2025,-1.40%,-1.45%
5/29/2025,-2.50%,-2.52%
5/30/2025,-5.20%,-5.22%
5/31/2025,1.50%,1.44%